crop,site,year,rotation,nrate_kgha,yield_kgha,sd_kgha
corn,ames,1999,cc,0,4166.986449999999,25.64932
corn,ames,1999,cc,67.38,7485.636350000001,26.345580000000002
corn,ames,1999,cc,134.76,9987.9624,24.06589
corn,ames,1999,cc,202.14,11145.75505,4.62676
corn,ames,1999,cc,269.52,11316.48945,12.319310000000002
corn,ames,2000,cc,0,4092.2901500000007,16.45195
corn,ames,2000,cc,67.38,6738.67335,7.50164
corn,ames,2000,cc,134.76,8131.225800000001,5.76099
corn,ames,2000,cc,202.14,8622.0872,7.45672
corn,ames,2000,cc,269.52,8205.922100000002,11.97118
corn,ames,2000,sc,0,8184.580300000001,16.75516
corn,ames,2000,sc,67.38,9080.9359,9.803790000000001
corn,ames,2000,sc,134.76,8760.808899999998,19.11346
corn,ames,2000,sc,202.14,8771.479800000001,9.11876
corn,ames,2000,sc,269.52,8776.81525,12.128400000000001
corn,ames,2001,cc,0,2208.8763,11.9038
corn,ames,2001,cc,67.38,4599.1579,8.3102
corn,ames,2001,cc,134.76,6178.4511,21.03379
corn,ames,2001,cc,202.14,6381.1982,11.533209999999999
corn,ames,2001,cc,269.52,6888.06595,9.579189999999999
corn,ames,2001,sc,0,6647.9707,9.309669999999999
corn,ames,2001,sc,67.38,8798.15705,5.8283700000000005
corn,ames,2001,sc,134.76,9198.3158,3.9417299999999997
corn,ames,2001,sc,202.14,9321.031149999999,8.51234
corn,ames,2001,sc,269.52,9064.92955,9.89363
corn,ames,2002,cc,0,3878.8721500000006,15.81184
corn,ames,2002,cc,67.38,7661.7062000000005,3.7732799999999997
corn,ames,2002,cc,134.76,8856.847,11.9038
corn,ames,2002,cc,202.14,9054.25865,17.22682
corn,ames,2002,cc,269.52,9566.461850000002,2.62782
corn,ames,2002,sc,0,7218.863850000001,36.47504
corn,ames,2002,sc,67.38,9667.835399999998,16.699009999999998
corn,ames,2002,sc,134.76,10628.2164,12.207009999999999
corn,ames,2002,sc,202.14,10841.634399999999,16.86746
corn,ames,2002,sc,269.52,10943.00795,12.82466
corn,ames,2003,cc,0,3564.0806,11.89257
corn,ames,2003,cc,67.38,5660.91245,6.8390699999999995
corn,ames,2003,cc,134.76,7496.307250000001,16.811310000000002
corn,ames,2003,cc,202.14,7688.383449999999,15.44125
corn,ames,2003,cc,269.52,7976.4977499999995,10.320369999999999
corn,ames,2003,sc,0,7202.8575,9.17491
corn,ames,2003,sc,67.38,9753.2026,8.18667
corn,ames,2003,sc,134.76,9774.544399999999,8.73694
corn,ames,2003,sc,202.14,9971.95605,14.22841
corn,ames,2003,sc,269.52,10180.038600000002,12.476529999999999
corn,ames,2004,cc,0,4499.384985000001,4.77275
corn,ames,2004,cc,67.38,8418.273009999999,8.57972
corn,ames,2004,cc,134.76,10881.11673,9.04015
corn,ames,2004,cc,202.14,12133.346845,6.5021700000000004
corn,ames,2004,cc,269.52,12409.189610000001,14.273330000000001
corn,ames,2004,sc,0,7274.352530000001,38.41783
corn,ames,2004,sc,67.38,11509.099195,20.97764
corn,ames,2004,sc,134.76,12657.288035,6.8503
corn,ames,2004,sc,202.14,12909.121275,16.92361
corn,ames,2004,sc,269.52,13153.484885,12.802200000000001
corn,ames,2005,cc,0,2422.827845,16.60917
corn,ames,2005,cc,67.38,6552.99969,12.577599999999999
corn,ames,2005,cc,134.76,8065.599764999999,27.09799
corn,ames,2005,cc,202.14,7520.316775,16.51933
corn,ames,2005,cc,269.52,8614.61757,11.02786
corn,ames,2005,sc,0,7045.995270000001,5.98559
corn,ames,2005,sc,67.38,9416.535705,7.90592
corn,ames,2005,sc,134.76,10117.08029,14.250869999999999
corn,ames,2005,sc,202.14,10467.08581,10.893099999999999
corn,ames,2005,sc,269.52,10697.57725,9.53427
corn,ames,2006,cc,0,2749.89093,9.107529999999999
corn,ames,2006,cc,67.38,6715.730915,12.65621
corn,ames,2006,cc,134.76,8709.58858,14.846060000000001
corn,ames,2006,cc,202.14,9595.806825,14.61023
corn,ames,2006,cc,269.52,9807.090645,15.17173
corn,ames,2006,sc,0,7384.796345,19.74234
corn,ames,2006,sc,67.38,10073.863145000001,29.984099999999998
corn,ames,2006,sc,134.76,10528.97703,7.37811
corn,ames,2006,sc,202.14,11115.342985000001,17.4065
corn,ames,2006,sc,269.52,11641.9519,11.286150000000001
corn,ames,2007,cc,0,4269.42709,14.83483
corn,ames,2007,cc,67.38,7568.869370000001,15.65462
corn,ames,2007,cc,134.76,9248.46903,13.15033
corn,ames,2007,cc,202.14,10049.853620000002,8.54603
corn,ames,2007,cc,269.52,10285.68051,3.69467
corn,ames,2007,sc,0,6170.447925,8.02945
corn,ames,2007,sc,67.38,8892.594514999999,11.05032
corn,ames,2007,sc,134.76,9753.2026,15.03697
corn,ames,2007,sc,202.14,10846.436305,7.26581
corn,ames,2007,sc,269.52,10597.804335,18.84394
corn,ames,2008,cc,0,5127.36745,13.28509
corn,ames,2008,cc,67.38,7601.415615000001,20.83165
corn,ames,2008,cc,134.76,10053.05489,19.24822
corn,ames,2008,cc,202.14,10854.43948,26.424190000000003
corn,ames,2008,cc,269.52,12117.340495,15.317720000000001
corn,ames,2008,sc,0,5494.4464100000005,16.29473
corn,ames,2008,sc,67.38,8665.304345,9.11876
corn,ames,2008,sc,134.76,11641.418355,14.947130000000001
corn,ames,2008,sc,202.14,12465.211835,4.02034
corn,ames,2008,sc,269.52,13220.17801,4.52569
corn,ames,2009,cc,0,2496.9906,10.48882
corn,ames,2009,cc,67.38,6951.02426,11.87011
corn,ames,2009,cc,134.76,10079.198595,3.95296
corn,ames,2009,cc,202.14,10900.857895000001,4.58184
corn,ames,2009,cc,269.52,10986.225095,6.6032399999999996
corn,ames,2009,sc,0,5212.201105,11.185080000000001
corn,ames,2009,sc,67.38,9466.15539,13.54338
corn,ames,2009,sc,134.76,10828.82932,7.0748999999999995
corn,ames,2009,sc,202.14,11446.140884999999,7.06367
corn,ames,2009,sc,269.52,11749.72799,11.82519
corn,ames,2010,cc,0,3108.43317,8.80432
corn,ames,2010,cc,67.38,5822.576585,8.54603
corn,ames,2010,cc,134.76,9209.520245000002,10.062080000000002
corn,ames,2010,cc,202.14,10165.632885,10.80326
corn,ames,2010,cc,269.52,10639.420845,12.72359
corn,ames,2010,sc,0,5291.69931,7.25458
corn,ames,2010,sc,67.38,8441.215445,9.28721
corn,ames,2010,sc,134.76,10922.73324,7.052440000000001
corn,ames,2010,sc,202.14,11057.186580000001,7.81608
corn,ames,2010,sc,269.52,11434.93644,3.2567
corn,ames,2011,cc,0,4953.965324999999,11.52198
corn,ames,2011,cc,67.38,9232.996225,2.7962700000000003
corn,ames,2011,cc,134.76,11071.592295,3.8182
corn,ames,2011,cc,202.14,11350.636330000001,1.86418
corn,ames,2011,cc,269.52,11378.914215,5.90698
corn,ames,2011,sc,0,7466.962275,15.789380000000001
corn,ames,2011,sc,67.38,10992.09409,7.53533
corn,ames,2011,sc,134.76,12030.906205000001,6.38987
corn,ames,2011,sc,202.14,12323.288865,7.602709999999999
corn,ames,2011,sc,269.52,12596.463905,2.85242
corn,ames,2012,cc,0,3223.67889,8.52357
corn,ames,2012,cc,67.38,8437.48063,29.41137
corn,ames,2012,cc,134.76,9906.86356,3.50376
corn,ames,2012,cc,202.14,9855.109695000001,9.96101
corn,ames,2012,cc,269.52,10210.98421,23.85252
corn,ames,2012,sc,0,6892.8678549999995,23.2461
corn,ames,2012,sc,67.38,9851.37488,11.55567
corn,ames,2012,sc,134.76,11178.83484,19.596349999999997
corn,ames,2012,sc,202.14,11655.290525,11.3423
corn,ames,2012,sc,269.52,10533.24539,11.847650000000002
corn,ames,2013,cc,0,3297.841645,27.03061
corn,ames,2013,cc,67.38,6199.7929,28.76003
corn,ames,2013,cc,134.76,7629.6935,11.263689999999999
corn,ames,2013,cc,202.14,7501.109155,21.85358
corn,ames,2013,cc,269.52,8214.992365,15.02574
corn,ames,2013,sc,0,5119.364275,17.38404
corn,ames,2013,sc,67.38,7002.2445800000005,7.99576
corn,ames,2013,sc,134.76,7697.453715,7.75993
corn,ames,2013,sc,202.14,8289.688665000001,7.894690000000001
corn,ames,2013,sc,269.52,8429.477455,8.55726
corn,ames,2014,cc,0,3147.3819550000003,8.23159
corn,ames,2014,cc,67.38,5985.841355,1.8417199999999998
corn,ames,2014,cc,134.76,9385.590095,14.39686
corn,ames,2014,cc,202.14,9955.9497,13.80167
corn,ames,2014,cc,269.52,10488.42761,12.73482
corn,ames,2014,sc,0,6610.62255,7.4454899999999995
corn,ames,2014,sc,67.38,8889.92679,11.15139
corn,ames,2014,sc,134.76,10444.143375,9.46689
corn,ames,2014,sc,202.14,10427.60348,11.94872
corn,ames,2014,sc,269.52,11066.79039,6.524629999999999
corn,ames,2015,cc,0,2762.1624650000003,14.924669999999999
corn,ames,2015,cc,67.38,6683.718215,12.75728
corn,ames,2015,cc,134.76,9722.790535,25.41349
corn,ames,2015,cc,202.14,10375.31607,19.49528
corn,ames,2015,cc,269.52,10766.404555,5.918209999999999
corn,ames,2015,sc,0,6644.235885,9.15245
corn,ames,2015,sc,67.38,10578.596715000001,6.13158
corn,ames,2015,sc,134.76,11989.82324,12.13963
corn,ames,2015,sc,202.14,11639.817720000001,4.59307
corn,ames,2015,sc,269.52,12017.56758,12.26316
corn,ames,2016,cc,0,2944.634855,15.77815
corn,ames,2016,cc,67.38,7727.865780000001,9.803790000000001
corn,ames,2016,cc,134.76,10516.705495,4.09895
corn,ames,2016,cc,202.14,10870.44583,6.423559999999999
corn,ames,2016,cc,269.52,11343.700245,10.72465
corn,ames,2016,sc,0,5782.027165,9.231060000000001
corn,ames,2016,sc,67.38,9030.249125,6.72677
corn,ames,2016,sc,134.76,10618.61259,12.207009999999999
corn,ames,2016,sc,202.14,11290.345745000002,11.91503
corn,ames,2016,sc,269.52,11716.6482,9.231060000000001
corn,craw,1999,sc,0,6461.22995,19.5402
corn,craw,1999,sc,44.92,7517.649050000001,15.35141
corn,craw,1999,sc,89.84,8253.94115,13.74552
corn,craw,1999,sc,134.76,8542.05545,14.17226
corn,craw,1999,sc,179.68,8803.4925,8.93908
corn,craw,1999,sc,224.6,8381.99195,17.01345
corn,craw,1999,sc,269.52,8659.435350000002,16.54179
corn,craw,2000,cc,0,2923.8266,18.73164
corn,craw,2000,cc,44.92,4332.3854,14.262099999999998
corn,craw,2000,cc,89.84,6754.6797,6.8390699999999995
corn,craw,2000,cc,134.76,7741.73795,7.894690000000001
corn,craw,2000,cc,179.68,9000.904149999998,11.286150000000001
corn,craw,2000,cc,224.6,9070.265,8.063139999999999
corn,craw,2000,cc,269.52,8824.8343,10.747110000000001
corn,craw,2000,sc,0,6210.4638,32.9039
corn,craw,2000,sc,44.92,8670.106249999999,21.37069
corn,craw,2000,sc,89.84,9246.334850000001,22.15679
corn,craw,2000,sc,134.76,9529.1137,12.13963
corn,craw,2000,sc,179.68,9561.1264,10.02839
corn,craw,2000,sc,224.6,9331.702050000002,9.219830000000002
corn,craw,2000,sc,269.52,9091.606800000001,9.579189999999999
corn,craw,2001,cc,0,3553.4096999999997,28.1873
corn,craw,2001,cc,44.92,3686.79595,26.862160000000003
corn,craw,2001,cc,89.84,4791.2341,11.40968
corn,craw,2001,cc,134.76,4940.6267,3.63852
corn,craw,2001,cc,179.68,5276.76005,13.18402
corn,craw,2001,cc,224.6,5234.07645,4.88505
corn,craw,2001,cc,269.52,5532.861650000001,7.06367
corn,craw,2001,sc,0,5863.65955,14.7113
corn,craw,2001,sc,44.92,5959.69765,4.36847
corn,craw,2001,sc,89.84,6562.6035,4.21125
corn,craw,2001,sc,134.76,6722.667,6.01928
corn,craw,2001,sc,179.68,6445.2236,8.17544
corn,craw,2001,sc,224.6,6749.34425,6.14281
corn,craw,2001,sc,269.52,6423.8818,9.691490000000002
corn,craw,2002,cc,0,2518.3324000000002,9.52304
corn,craw,2002,cc,44.92,3708.1377500000003,6.8053799999999995
corn,craw,2002,cc,89.84,4727.208699999999,6.24388
corn,craw,2002,cc,134.76,4780.5632,4.13264
corn,craw,2002,cc,179.68,5127.36745,18.20383
corn,craw,2002,cc,224.6,5122.032,17.58618
corn,craw,2002,cc,269.52,5042.00025,18.50704
corn,craw,2002,sc,0,6605.2871000000005,16.597939999999998
corn,craw,2002,sc,44.92,7597.6808,19.86587
corn,craw,2002,sc,89.84,8371.32105,8.93908
corn,craw,2002,sc,134.76,8547.390899999999,8.28774
corn,craw,2002,sc,179.68,9507.7719,15.362639999999999
corn,craw,2002,sc,224.6,8835.5052,12.34177
corn,craw,2002,sc,269.52,8739.4671,19.158379999999998
corn,craw,2003,cc,0,1776.7048499999999,5.23318
corn,craw,2003,cc,44.92,2673.06045,12.61129
corn,craw,2003,cc,89.84,4193.6637,7.73747
corn,craw,2003,cc,134.76,4881.93675,7.25458
corn,craw,2003,cc,179.68,5420.8171999999995,6.524629999999999
corn,craw,2003,cc,224.6,5239.4119,11.78027
corn,craw,2003,cc,269.52,5164.7156,6.35618
corn,craw,2003,sc,0,7021.452199999999,14.78991
corn,craw,2003,sc,44.92,8510.04275,19.607580000000002
corn,craw,2003,sc,89.84,8936.87875,7.27704
corn,craw,2003,sc,134.76,9923.937,23.39209
corn,craw,2003,sc,179.68,8862.18245,17.66479
corn,craw,2003,sc,224.6,9539.7846,24.72846
corn,craw,2003,sc,269.52,9166.303100000001,12.61129
corn,craw,2004,cc,0,3796.172675,28.524199999999997
corn,craw,2004,cc,44.92,4480.1773650000005,24.18942
corn,craw,2004,cc,89.84,6637.833345,14.65515
corn,craw,2004,cc,134.76,7258.879725,7.187200000000001
corn,craw,2004,cc,179.68,9366.91602,17.97923
corn,craw,2004,cc,224.6,9677.43921,12.15086
corn,craw,2004,cc,269.52,10506.034595,11.92626
corn,craw,2004,sc,0,5848.72029,23.95359
corn,craw,2004,sc,44.92,6842.181080000001,23.796370000000003
corn,craw,2004,sc,89.84,8439.081264999999,25.08782
corn,craw,2004,sc,134.76,8826.968480000001,18.63057
corn,craw,2004,sc,179.68,9672.10376,13.206479999999999
corn,craw,2004,sc,224.6,10902.45853,4.35724
corn,craw,2004,sc,269.52,10546.05047,5.49147
corn,craw,2005,cc,0,2157.1224349999998,7.59148
corn,craw,2005,cc,44.92,2114.97238,9.904860000000001
corn,craw,2005,cc,89.84,3912.485485,11.016630000000001
corn,craw,2005,cc,134.76,4299.305609999999,27.760559999999998
corn,craw,2005,cc,179.68,4930.489345,18.47335
corn,craw,2005,cc,224.6,4968.37104,36.50873
corn,craw,2005,cc,269.52,5898.339975,15.65462
corn,craw,2005,sc,0,5398.408310000001,9.87117
corn,craw,2005,sc,44.92,6753.61261,22.30278
corn,craw,2005,sc,89.84,7240.739195,12.128400000000001
corn,craw,2005,sc,134.76,8541.521905,15.64339
corn,craw,2005,sc,179.68,7519.249685000001,20.539669999999997
corn,craw,2005,sc,224.6,9318.363425,17.35035
corn,craw,2005,sc,269.52,8790.687419999998,19.55143
corn,craw,2006,cc,0,4073.6160749999995,12.498990000000001
corn,craw,2006,cc,44.92,5397.34122,10.87064
corn,craw,2006,cc,89.84,8023.44971,6.35618
corn,craw,2006,cc,134.76,9245.26776,6.27757
corn,craw,2006,cc,179.68,10486.29343,9.98347
corn,craw,2006,cc,224.6,10914.19652,1.70696
corn,craw,2006,cc,269.52,11527.773270000002,4.96366
corn,craw,2006,sc,0,8201.65374,13.59953
corn,craw,2006,sc,44.92,9335.97041,12.948189999999999
corn,craw,2006,sc,89.84,11505.897925,12.330540000000001
corn,craw,2006,sc,134.76,11483.489035,6.08666
corn,craw,2006,sc,179.68,11861.238895,5.0871900000000005
corn,craw,2006,sc,224.6,12315.819235,3.4026899999999998
corn,craw,2006,sc,269.52,12331.825585,13.532150000000001
corn,craw,2007,cc,0,1671.06294,18.28244
corn,craw,2007,cc,44.92,2201.40667,28.164839999999998
corn,craw,2007,cc,89.84,4348.39175,19.21453
corn,craw,2007,cc,134.76,5665.180810000001,9.82625
corn,craw,2007,cc,179.68,7866.053935000001,15.65462
corn,craw,2007,cc,224.6,8940.08002,33.54401
corn,craw,2007,cc,269.52,10180.038600000002,27.580879999999997
corn,craw,2007,sc,0,4819.511985,26.97446
corn,craw,2007,sc,44.92,6304.367719999999,19.01239
corn,craw,2007,sc,89.84,8480.16423,30.287309999999998
corn,craw,2007,sc,134.76,10324.09575,7.3107299999999995
corn,craw,2007,sc,179.68,11612.07338,12.64498
corn,craw,2007,sc,224.6,11948.740275,7.9171499999999995
corn,craw,2007,sc,269.52,11383.182574999999,13.46477
corn,craw,2008,cc,0,3118.03698,24.1445
corn,craw,2008,cc,44.92,4396.944345,18.866400000000002
corn,craw,2008,cc,89.84,5613.426944999999,9.55673
corn,craw,2008,cc,134.76,6135.233955,12.229470000000001
corn,craw,2008,cc,179.68,7365.05518,19.382980000000003
corn,craw,2008,cc,224.6,8413.471105,23.212410000000002
corn,craw,2008,cc,269.52,9140.159395,22.325239999999997
corn,craw,2008,sc,0,6064.806015,25.61563
corn,craw,2008,sc,44.92,7114.28903,16.83377
corn,craw,2008,sc,89.84,9325.833055000001,39.94511
corn,craw,2008,sc,134.76,9380.78819,33.00497
corn,craw,2008,sc,179.68,11269.53749,8.32143
corn,craw,2008,sc,224.6,11682.501320000001,9.87117
corn,craw,2008,sc,269.52,12008.497315,19.461589999999998
corn,craw,2009,cc,0,2487.38679,15.3851
corn,craw,2009,cc,44.92,3696.3997600000002,17.911849999999998
corn,craw,2009,cc,89.84,6366.792485,17.49634
corn,craw,2009,cc,134.76,8261.41078,23.25733
corn,craw,2009,cc,179.68,8707.4544,43.14566
corn,craw,2009,cc,224.6,10103.741665000001,19.33806
corn,craw,2009,cc,269.52,10020.508645,48.72697
corn,craw,2009,sc,0,4840.853785,24.57124
corn,craw,2009,sc,44.92,8394.797030000002,16.78885
corn,craw,2009,sc,89.84,9584.068835,30.14132
corn,craw,2009,sc,134.76,11500.562475000002,8.10806
corn,craw,2009,sc,179.68,11693.17222,9.75887
corn,craw,2009,sc,224.6,11710.779205,12.19578
corn,craw,2009,sc,269.52,12259.79701,7.7823899999999995
corn,craw,2010,cc,0,1090.56598,15.43002
corn,craw,2010,cc,44.92,5506.717944999999,23.571769999999997
corn,craw,2010,cc,89.84,7376.259625000001,2.04386
corn,craw,2010,cc,134.76,8172.308765,11.24123
corn,craw,2010,cc,179.68,7835.64187,7.32196
corn,craw,2010,cc,224.6,7905.00272,22.51615
corn,craw,2010,cc,269.52,8002.641455000001,28.68142
corn,craw,2010,sc,0,2520.4665800000002,29.50121
corn,craw,2010,sc,44.92,7104.151675,33.4654
corn,craw,2010,sc,89.84,8514.844655,14.003810000000001
corn,craw,2010,sc,134.76,8517.512379999998,13.475999999999999
corn,craw,2010,sc,179.68,8646.096725000001,6.82784
corn,craw,2010,sc,224.6,8585.272595,16.15997
corn,craw,2010,sc,269.52,8881.390070000001,25.21135
corn,craw,2011,cc,0,1413.8942499999998,19.71988
corn,craw,2011,cc,44.92,2016.8001000000002,26.0536
corn,craw,2011,cc,89.84,4170.18772,11.46583
corn,craw,2011,cc,134.76,5616.09467,8.84924
corn,craw,2011,cc,179.68,7918.874889999999,34.161660000000005
corn,craw,2011,cc,224.6,8240.602524999998,34.50979
corn,craw,2011,cc,269.52,8540.988360000001,25.22258
corn,craw,2011,sc,0,3166.05603,10.12946
corn,craw,2011,sc,44.92,4905.41273,28.33329
corn,craw,2011,sc,89.84,6339.58169,23.414550000000002
corn,craw,2011,sc,134.76,9346.641309999999,6.68185
corn,craw,2011,sc,179.68,9591.538465000001,24.515089999999997
corn,craw,2011,sc,224.6,10336.90083,8.984
corn,craw,2011,sc,269.52,10457.482,18.88886
corn,craw,2012,cc,0,3016.129885,12.44284
corn,craw,2012,cc,44.92,4528.196415,17.73217
corn,craw,2012,cc,89.84,5342.91963,27.59211
corn,craw,2012,cc,134.76,6758.414515,4.43585
corn,craw,2012,cc,179.68,6577.009215,20.42737
corn,craw,2012,cc,224.6,7231.135385,27.54719
corn,craw,2012,cc,269.52,6824.574095,18.417199999999998
corn,craw,2012,sc,0,6910.474840000001,16.5081
corn,craw,2012,sc,44.92,6939.819815,22.02203
corn,craw,2012,sc,89.84,8574.601695,28.34452
corn,craw,2012,sc,134.76,7636.629585,40.461690000000004
corn,craw,2012,sc,179.68,8733.06456,20.640739999999997
corn,craw,2012,sc,224.6,8328.103905,26.951999999999998
corn,craw,2012,sc,269.52,8464.691425,20.31507
corn,craw,2013,cc,0,1371.744195,7.80485
corn,craw,2013,cc,44.92,2537.0064749999997,22.51615
corn,craw,2013,cc,89.84,4479.64382,11.375990000000002
corn,craw,2013,cc,134.76,4296.637885,18.70918
corn,craw,2013,cc,179.68,3890.61014,27.38997
corn,craw,2013,cc,224.6,5341.318995,27.5135
corn,craw,2013,cc,269.52,4592.75536,23.01027
corn,craw,2013,sc,0,2509.79568,6.47971
corn,craw,2013,sc,44.92,5259.153065,14.11611
corn,craw,2013,sc,89.84,6874.727325,11.71289
corn,craw,2013,sc,134.76,8190.449295,7.99576
corn,craw,2013,sc,179.68,6804.299385,20.7755
corn,craw,2013,sc,224.6,6981.436325,32.82529
corn,craw,2013,sc,269.52,7704.923345,23.0215
corn,craw,2014,cc,0,2597.8306049999997,10.43267
corn,craw,2014,cc,44.92,3979.17861,6.54709
corn,craw,2014,cc,89.84,6591.414930000001,10.50005
corn,craw,2014,cc,134.76,8219.79427,10.19684
corn,craw,2014,cc,179.68,8612.48339,17.20436
corn,craw,2014,cc,224.6,8973.159810000001,13.633220000000001
corn,craw,2014,cc,269.52,9583.53529,9.98347
corn,craw,2014,sc,0,4876.6013,11.12893
corn,craw,2014,sc,44.92,6800.56457,18.81025
corn,craw,2014,sc,89.84,8568.7327,26.92954
corn,craw,2014,sc,134.76,9829.499534999999,18.158910000000002
corn,craw,2014,sc,179.68,10199.246219999999,15.77815
corn,craw,2014,sc,224.6,11211.381084999999,9.93855
corn,craw,2014,sc,269.52,10758.40138,13.34124
corn,craw,2015,cc,0,2654.386375,14.048729999999999
corn,craw,2015,cc,44.92,4483.91218,26.92954
corn,craw,2015,cc,89.84,6581.81112,8.62464
corn,craw,2015,cc,134.76,7347.448195000001,16.42949
corn,craw,2015,cc,179.68,7841.510864999999,28.03008
corn,craw,2015,cc,224.6,8228.864534999999,49.83874
corn,craw,2015,cc,269.52,9206.318975000002,59.14841
corn,craw,2015,sc,0,4166.452905,17.27174
corn,craw,2015,sc,44.92,6277.156925,11.49952
corn,craw,2015,sc,89.84,8649.297995,27.61457
corn,craw,2015,sc,134.76,10570.59354,3.4476099999999996
corn,craw,2015,sc,179.68,10884.318,14.76745
corn,craw,2015,sc,224.6,11001.164354999999,10.320369999999999
corn,craw,2015,sc,269.52,10741.327940000001,9.08507
corn,craw,2016,cc,0,4361.730375,5.78345
corn,craw,2016,cc,44.92,6773.88732,21.17978
corn,craw,2016,cc,89.84,10173.63606,10.08454
corn,craw,2016,cc,134.76,11522.437820000001,9.680259999999999
corn,craw,2016,cc,179.68,12332.892675000001,9.27598
corn,craw,2016,cc,224.6,12217.646955,10.320369999999999
corn,craw,2016,cc,269.52,12204.308330000002,6.37864
corn,craw,2016,sc,0,6806.433565,27.2889
corn,craw,2016,sc,44.92,9005.17251,16.27227
corn,craw,2016,sc,89.84,11660.625975,21.15732
corn,craw,2016,sc,134.76,12552.17967,14.39686
corn,craw,2016,sc,179.68,12345.697755,16.47441
corn,craw,2016,sc,224.6,12562.317025,7.0748999999999995
corn,craw,2016,sc,269.52,12506.2948,11.27492
corn,kana,2005,sc,0,5117.76364,29.22046
corn,kana,2005,sc,44.92,6276.089835,34.30765
corn,kana,2005,sc,89.84,7430.681215000001,29.50121
corn,kana,2005,sc,134.76,7563.53392,20.41614
corn,kana,2005,sc,179.68,7977.564840000001,37.564350000000005
corn,kana,2005,sc,224.6,7433.348940000001,26.10975
corn,kana,2005,sc,269.52,7585.94281,27.09799
corn,kana,2006,cc,0,3751.3548950000004,13.76798
corn,kana,2006,cc,44.92,5630.500385,6.49094
corn,kana,2006,cc,89.84,7199.6562300000005,6.64816
corn,kana,2006,cc,134.76,8609.815665,5.99682
corn,kana,2006,cc,179.68,9094.808070000001,16.0589
corn,kana,2006,cc,224.6,9383.98946,2.93103
corn,kana,2006,cc,269.52,9311.960885,13.99258
corn,kana,2006,sc,0,7836.175415000001,2.9647200000000002
corn,kana,2006,sc,44.92,9240.999399999999,16.20489
corn,kana,2006,sc,89.84,10335.300195000002,4.43585
corn,kana,2006,sc,134.76,10707.18106,11.81396
corn,kana,2006,sc,179.68,11250.863415,1.86418
corn,kana,2006,sc,224.6,11385.8503,1.93156
corn,kana,2006,sc,269.52,11185.23738,4.3797
corn,kana,2007,cc,0,2123.5091,2.41445
corn,kana,2007,cc,44.92,3538.4704399999996,7.06367
corn,kana,2007,cc,89.84,5780.426530000001,12.970650000000001
corn,kana,2007,cc,134.76,5714.800495,7.50164
corn,kana,2007,cc,179.68,5536.596465,16.63163
corn,kana,2007,cc,224.6,5481.107785,25.64932
corn,kana,2007,cc,269.52,5125.766815,4.40216
corn,kana,2007,sc,0,4720.80616,23.75145
corn,kana,2007,sc,44.92,7235.403745000001,14.374400000000001
corn,kana,2007,sc,89.84,8688.24678,14.29579
corn,kana,2007,sc,134.76,9120.41823,19.49528
corn,kana,2007,sc,179.68,9534.44915,17.05837
corn,kana,2007,sc,224.6,7665.974560000001,27.09799
corn,kana,2007,sc,269.52,9363.181205,22.26909
corn,kana,2008,cc,0,2644.24902,7.47918
corn,kana,2008,cc,44.92,2996.922265,9.332130000000001
corn,kana,2008,cc,89.84,4642.375045000001,16.75516
corn,kana,2008,cc,134.76,5912.212145,22.20171
corn,kana,2008,cc,179.68,6770.152505000001,15.89045
corn,kana,2008,cc,224.6,6627.162445,9.35459
corn,kana,2008,cc,269.52,6801.098115,11.4546
corn,kana,2008,sc,0,3898.07977,9.85994
corn,kana,2008,sc,44.92,6157.1093,24.20065
corn,kana,2008,sc,89.84,7945.55214,11.20754
corn,kana,2008,sc,134.76,8722.39366,30.25362
corn,kana,2008,sc,179.68,9790.017205,18.024150000000002
corn,kana,2008,sc,224.6,9259.13993,6.04174
corn,kana,2008,sc,269.52,9908.464195000002,14.262099999999998
corn,kana,2009,cc,0,3872.4696099999996,13.99258
corn,kana,2009,cc,44.92,5306.63857,12.98188
corn,kana,2009,cc,89.84,6069.074375,15.03697
corn,kana,2009,cc,134.76,7217.263215000001,13.22894
corn,kana,2009,cc,179.68,7303.697504999999,8.79309
corn,kana,2009,cc,224.6,7050.2636299999995,6.74923
corn,kana,2009,cc,269.52,7179.38152,8.95031
corn,kana,2009,sc,0,5504.583765,18.39474
corn,kana,2009,sc,44.92,6915.81029,5.615
corn,kana,2009,sc,89.84,8388.394489999999,11.27492
corn,kana,2009,sc,134.76,8759.74181,15.34018
corn,kana,2009,sc,179.68,9333.836229999999,31.365389999999998
corn,kana,2009,sc,224.6,8565.5314299999991,14.7113
corn,kana,2009,sc,269.52,9202.58416,11.64551
corn,kana,2010,cc,0,4054.9420000000005,7.83854
corn,kana,2010,cc,44.92,5048.936335,9.5455
corn,kana,2010,cc,89.84,6209.39671,14.250869999999999
corn,kana,2010,cc,134.76,6599.95165,6.78292
corn,kana,2010,cc,179.68,7454.157195,6.41233
corn,kana,2010,cc,224.6,8017.580715000001,16.496869999999998
corn,kana,2010,cc,269.52,8200.58665,5.17703
corn,kana,2010,sc,0,5719.6024,17.48511
corn,kana,2010,sc,44.92,6667.17832,10.48882
corn,kana,2010,sc,89.84,7828.17224,15.63216
corn,kana,2010,sc,134.76,8563.39725,8.40004
corn,kana,2010,sc,179.68,9326.900145,6.580780000000001
corn,kana,2010,sc,224.6,9098.00934,14.520389999999999
corn,kana,2010,sc,269.52,9297.55517,11.836419999999999
corn,kana,2011,cc,0,3325.0524400000004,10.08454
corn,kana,2011,cc,44.92,5705.73023,7.83854
corn,kana,2011,cc,89.84,7215.129035,6.32249
corn,kana,2011,cc,134.76,7738.003135,19.21453
corn,kana,2011,cc,179.68,7700.121439999999,10.12946
corn,kana,2011,cc,224.6,7685.182179999999,5.46901
corn,kana,2011,cc,269.52,7985.03447,7.40057
corn,kana,2011,sc,0,6852.318435,21.07871
corn,kana,2011,sc,44.92,7959.957855000001,11.57813
corn,kana,2011,sc,89.84,8239.00189,11.78027
corn,kana,2011,sc,134.76,8849.37737,22.10064
corn,kana,2011,sc,179.68,9042.52066,17.2942
corn,kana,2011,sc,224.6,8642.895455,11.87011
corn,kana,2011,sc,269.52,8913.936314999999,6.052969999999999
corn,kana,2012,cc,0,3132.442695,8.13052
corn,kana,2012,cc,44.92,4040.536285,26.08729
corn,kana,2012,cc,89.84,4629.569965,20.966410000000003
corn,kana,2012,cc,134.76,4866.4639449999995,11.57813
corn,kana,2012,cc,179.68,5302.37021,18.67549
corn,kana,2012,cc,224.6,5171.651685000001,13.509689999999999
corn,kana,2012,cc,269.52,5976.771089999999,23.88621
corn,kana,2012,sc,0,6001.847705,8.72571
corn,kana,2012,sc,44.92,6680.516945,17.6311
corn,kana,2012,sc,89.84,6803.232295000001,19.07977
corn,kana,2012,sc,134.76,7081.209239999999,13.33001
corn,kana,2012,sc,179.68,7452.023015,15.6097
corn,kana,2012,sc,224.6,6731.737265000001,10.47759
corn,kana,2012,sc,269.52,7567.268735000001,28.98463
corn,kana,2013,cc,0,4839.786695,10.73588
corn,kana,2013,cc,44.92,6010.9179699999995,24.34664
corn,kana,2013,cc,89.84,8049.593415000001,23.11134
corn,kana,2013,cc,134.76,7832.974145000001,9.006459999999999
corn,kana,2013,cc,179.68,8896.32933,4.63799
corn,kana,2013,cc,224.6,9103.344790000001,3.9417299999999997
corn,kana,2013,cc,269.52,9756.403870000002,17.77709
corn,kana,2013,sc,0,6128.29787,10.92679
corn,kana,2013,sc,44.92,7195.3878700000005,20.146620000000002
corn,kana,2013,sc,89.84,8686.646145,18.22629
corn,kana,2013,sc,134.76,9062.795370000002,9.82625
corn,kana,2013,sc,179.68,9838.5698,9.66903
corn,kana,2013,sc,224.6,9790.55075,12.353
corn,kana,2013,sc,269.52,10882.717365,12.319310000000002
corn,kana,2014,cc,0,3823.38347,11.05032
corn,kana,2014,cc,44.92,4408.6823349999995,9.24229
corn,kana,2014,cc,89.84,5346.1209,9.107529999999999
corn,kana,2014,cc,134.76,5745.746105,11.51075
corn,kana,2014,cc,179.68,7004.3787600000005,13.38616
corn,kana,2014,cc,224.6,7770.5493799999995,31.1071
corn,kana,2014,cc,269.52,7989.302830000001,12.64498
corn,kana,2014,sc,0,6345.450685000001,27.46858
corn,kana,2014,sc,44.92,6972.36606,29.242919999999998
corn,kana,2014,sc,89.84,9002.504785,27.87286
corn,kana,2014,sc,134.76,9259.673475000001,13.84659
corn,kana,2014,sc,179.68,9782.01403,20.59582
corn,kana,2014,sc,224.6,9914.866735000001,9.16368
corn,kana,2014,sc,269.52,10112.278385,8.61341
corn,kana,2015,cc,0,3271.6979400000005,11.286150000000001
corn,kana,2015,cc,44.92,5204.731475,18.540730000000003
corn,kana,2015,cc,89.84,6448.42487,13.633220000000001
corn,kana,2015,cc,134.76,7072.672519999999,26.28943
corn,kana,2015,cc,179.68,7711.325885,12.52145
corn,kana,2015,cc,224.6,8687.713235000001,24.458940000000002
corn,kana,2015,cc,269.52,8196.318290000001,24.49263
corn,kana,2015,sc,0,6292.096185,31.28678
corn,kana,2015,sc,44.92,7349.582375000001,21.99957
corn,kana,2015,sc,89.84,8253.94115,19.41667
corn,kana,2015,sc,134.76,8536.720000000001,27.09799
corn,kana,2015,sc,179.68,8815.23049,22.71829
corn,kana,2015,sc,224.6,8536.720000000001,31.69106
corn,kana,2015,sc,269.52,9125.220135000001,24.78461
corn,kana,2016,cc,0,5252.21698,10.93802
corn,kana,2016,cc,44.92,7471.230635,10.544970000000001
corn,kana,2016,cc,89.84,9709.985455,8.65833
corn,kana,2016,cc,134.76,11110.54108,6.8390699999999995
corn,kana,2016,cc,179.68,11936.46874,13.35247
corn,kana,2016,cc,224.6,12158.42346,7.22089
corn,kana,2016,cc,269.52,12327.557225,14.19472
corn,kana,2016,sc,0,6549.798420000001,15.4974
corn,kana,2016,sc,44.92,8431.07809,11.02786
corn,kana,2016,sc,89.84,9921.80282,16.83377
corn,kana,2016,sc,134.76,11913.526305,11.09524
corn,kana,2016,sc,179.68,12201.640605,5.78345
corn,kana,2016,sc,224.6,13184.430495,5.09842
corn,kana,2016,sc,269.52,13041.97398,10.73588
corn,lewi,2001,sc,0,5634.235199999999,10.82572
corn,lewi,2001,sc,44.92,6445.2236,1.8417199999999998
corn,lewi,2001,sc,89.84,6274.4892,12.88081
corn,lewi,2001,sc,134.76,6450.559050000001,17.19313
corn,lewi,2001,sc,179.68,6658.6416,11.88134
corn,lewi,2001,sc,224.6,6877.39505,18.55196
corn,lewi,2001,sc,269.52,6578.60985,15.98029
corn,lewi,2002,cc,0,1093.76725,7.02998
corn,lewi,2002,cc,44.92,1936.7683499999998,11.364759999999999
corn,lewi,2002,cc,89.84,2683.73135,21.85358
corn,lewi,2002,cc,134.76,2315.5852999999997,13.44231
corn,lewi,2002,cc,179.68,3153.25095,23.919900000000002
corn,lewi,2002,cc,224.6,2950.50385,13.68937
corn,lewi,2002,cc,269.52,2758.42765,22.59476
corn,lewi,2002,sc,0,2801.11125,20.93272
corn,lewi,2002,sc,44.92,2641.04775,18.63057
corn,lewi,2002,sc,89.84,3905.5494,18.77656
corn,lewi,2002,sc,134.76,3590.75785,32.44347
corn,lewi,2002,sc,179.68,3654.78325,10.63481
corn,lewi,2002,sc,224.6,3756.1568000000007,24.1445
corn,lewi,2002,sc,269.52,3793.50495,20.49475
corn,lewi,2003,cc,0,1947.43925,16.75516
corn,lewi,2003,cc,44.92,4006.92295,30.27608
corn,lewi,2003,cc,89.84,5111.3611,21.30331
corn,lewi,2003,cc,134.76,5223.40555,20.202769999999997
corn,lewi,2003,cc,179.68,5885.00135,13.82413
corn,lewi,2003,cc,224.6,6093.0839000000005,25.03167
corn,lewi,2003,cc,269.52,5271.4246,16.08136
corn,lewi,2003,sc,0,6461.22995,6.79415
corn,lewi,2003,sc,44.92,7085.477600000001,6.8053799999999995
corn,lewi,2003,sc,89.84,7693.718899999999,3.78451
corn,lewi,2003,sc,134.76,7581.6744499999995,12.37546
corn,lewi,2003,sc,179.68,7709.72525,6.56955
corn,lewi,2003,sc,224.6,7613.68715,17.79955
corn,lewi,2003,sc,269.52,7752.408850000001,8.10806
corn,lewi,2004,cc,0,6645.836520000001,8.51234
corn,lewi,2004,cc,44.92,10054.655525,9.82625
corn,lewi,2004,cc,89.84,11943.938370000002,13.68937
corn,lewi,2004,cc,134.76,12454.540935,7.51287
corn,lewi,2004,cc,179.68,12655.687399999999,4.604299999999999
corn,lewi,2004,cc,224.6,13184.430495,10.151919999999999
corn,lewi,2004,cc,269.52,13256.45907,5.3230200000000005
corn,lewi,2004,sc,0,10018.90801,4.27863
corn,lewi,2004,sc,44.92,12541.50877,7.131049999999999
corn,lewi,2004,sc,89.84,13032.903715000002,9.17491
corn,lewi,2004,sc,134.76,13260.72743,1.78557
corn,lewi,2004,sc,179.68,13341.82627,7.43426
corn,lewi,2004,sc,224.6,13013.696095,7.56902
corn,lewi,2004,sc,269.52,13072.919590000001,5.23318
corn,lewi,2005,cc,0,2710.4085999999998,4.31232
corn,lewi,2005,cc,44.92,5447.49445,6.8390699999999995
corn,lewi,2005,cc,89.84,7847.913405000001,15.2728
corn,lewi,2005,cc,134.76,9386.12364,9.72518
corn,lewi,2005,cc,179.68,9593.672645,7.45672
corn,lewi,2005,cc,224.6,9853.50906,7.10859
corn,lewi,2005,cc,269.52,9481.628195,10.62358
corn,lewi,2005,sc,0,7896.466,9.25352
corn,lewi,2005,sc,44.92,8841.374195,15.80061
corn,lewi,2005,sc,89.84,10132.01955,9.46689
corn,lewi,2005,sc,134.76,10069.061240000001,5.210719999999999
corn,lewi,2005,sc,179.68,10096.80558,4.795209999999999
corn,lewi,2005,sc,224.6,10448.94528,7.658860000000001
corn,lewi,2005,sc,269.52,10171.50188,10.14069
corn,lewi,2006,cc,0,3741.7510849999994,4.59307
corn,lewi,2006,cc,44.92,7750.27467,8.02945
corn,lewi,2006,cc,89.84,10817.624875,7.38934
corn,lewi,2006,cc,134.76,11821.756565,13.03803
corn,lewi,2006,cc,179.68,12325.423045,11.99364
corn,lewi,2006,cc,224.6,12649.818405,5.15457
corn,lewi,2006,cc,269.52,12248.592565,13.206479999999999
corn,lewi,2006,sc,0,7713.460065,16.44072
corn,lewi,2006,sc,44.92,10611.14296,17.77709
corn,lewi,2006,sc,89.84,11831.360375,4.88505
corn,lewi,2006,sc,134.76,12273.66918,5.51393
corn,lewi,2006,sc,179.68,13007.8271,6.288799999999999
corn,lewi,2006,sc,224.6,12288.074895000002,26.098519999999997
corn,lewi,2006,sc,269.52,12979.549215000001,16.9573
corn,lewi,2007,cc,0,3070.01793,6.14281
corn,lewi,2007,cc,44.92,5547.800910000001,4.63799
corn,lewi,2007,cc,89.84,7803.095625000001,9.18614
corn,lewi,2007,cc,134.76,8498.838305,5.96313
corn,lewi,2007,cc,179.68,8819.49885,19.24822
corn,lewi,2007,cc,224.6,9539.7846,3.0321000000000002
corn,lewi,2007,cc,269.52,9430.407874999999,1.81926
corn,lewi,2007,sc,0,5619.295939999999,10.28668
corn,lewi,2007,sc,44.92,7184.71697,10.320369999999999
corn,lewi,2007,sc,89.84,8426.809729999999,6.21019
corn,lewi,2007,sc,134.76,9313.56152,3.2679300000000002
corn,lewi,2007,sc,179.68,10134.687275,9.26475
corn,lewi,2007,sc,224.6,9482.695285,4.51446
corn,lewi,2007,sc,269.52,9825.231175,4.21125
corn,lewi,2008,cc,0,3964.7728950000005,5.446549999999999
corn,lewi,2008,cc,44.92,7353.850735000001,7.22089
corn,lewi,2008,cc,89.84,8365.9856,36.519960000000005
corn,lewi,2008,cc,134.76,10382.252155,15.64339
corn,lewi,2008,cc,179.68,11285.54384,5.7946800000000005
corn,lewi,2008,cc,224.6,11290.345745000002,11.33107
corn,lewi,2008,cc,269.52,11052.384675,9.44443
corn,lewi,2008,sc,0,6451.62614,10.25299
corn,lewi,2008,sc,44.92,9079.335265,13.071720000000001
corn,lewi,2008,sc,89.84,10785.612175000002,9.05138
corn,lewi,2008,sc,134.76,11690.504495000001,10.00593
corn,lewi,2008,sc,179.68,12417.726330000001,1.95402
corn,lewi,2008,sc,224.6,11876.7117,12.105939999999999
corn,lewi,2008,sc,269.52,12355.83511,5.06473
corn,lewi,2009,cc,0,4234.746665,11.4546
corn,lewi,2009,cc,44.92,7084.944055,9.45566
corn,lewi,2009,cc,89.84,10045.58526,12.34177
corn,lewi,2009,cc,134.76,11607.80502,6.45725
corn,lewi,2009,cc,179.68,13127.34118,7.32196
corn,lewi,2009,cc,224.6,13562.713899999999,9.062610000000001
corn,lewi,2009,cc,269.52,13037.172075,4.54815
corn,lewi,2009,sc,0,8677.042335,21.95465
corn,lewi,2009,sc,44.92,9957.016790000001,5.031040000000001
corn,lewi,2009,sc,89.84,12381.978815,6.9626
corn,lewi,2009,sc,134.76,13009.427735000001,6.87276
corn,lewi,2009,sc,179.68,13872.17,12.353
corn,lewi,2009,sc,224.6,14583.919030000001,5.63746
corn,lewi,2009,sc,269.52,14438.261245000002,6.9738299999999995
corn,lewi,2010,cc,0,3042.2735900000002,21.786199999999997
corn,lewi,2010,cc,44.92,4613.03007,13.35247
corn,lewi,2010,cc,89.84,6246.74486,15.362639999999999
corn,lewi,2010,cc,134.76,7557.664925000001,16.82254
corn,lewi,2010,cc,179.68,9082.536535000001,18.125220000000002
corn,lewi,2010,cc,224.6,10157.62971,6.23265
corn,lewi,2010,cc,269.52,10948.876945,13.1391
corn,lewi,2010,sc,0,6169.380835,20.33753
corn,lewi,2010,sc,44.92,7864.986844999999,13.95889
corn,lewi,2010,sc,89.84,9542.98587,9.34336
corn,lewi,2010,sc,134.76,10231.792465,11.99364
corn,lewi,2010,sc,179.68,10896.589535,13.34124
corn,lewi,2010,sc,224.6,11195.374735000001,12.83589
corn,lewi,2010,sc,269.52,11736.389365000001,16.40703
corn,lewi,2011,cc,0,2443.6360999999997,3.4026899999999998
corn,lewi,2011,cc,44.92,4242.216295,4.69414
corn,lewi,2011,cc,89.84,5399.4754,9.208599999999999
corn,lewi,2011,cc,134.76,7034.257280000001,8.41127
corn,lewi,2011,cc,179.68,7648.367574999999,16.04767
corn,lewi,2011,cc,224.6,7581.140905000001,6.67062
corn,lewi,2011,cc,269.52,7814.30007,15.115580000000001
corn,lewi,2011,sc,0,7176.713795,7.26581
corn,lewi,2011,sc,44.92,8007.976905,5.7273
corn,lewi,2011,sc,89.84,8961.955365,20.13539
corn,lewi,2011,sc,134.76,8764.01017,7.19843
corn,lewi,2011,sc,179.68,8499.37185,15.40756
corn,lewi,2011,sc,224.6,9174.839820000001,15.02574
corn,lewi,2011,sc,269.52,8665.837889999999,8.71448
corn,lewi,2012,cc,0,741.62755,7.11982
corn,lewi,2012,cc,44.92,2054.1482499999997,25.57071
corn,lewi,2012,cc,89.84,3177.7940200000003,5.25564
corn,lewi,2012,cc,134.76,3946.0988199999997,4.9524300000000006
corn,lewi,2012,cc,179.68,3535.2691700000005,6.9738299999999995
corn,lewi,2012,cc,224.6,4131.238935000001,9.71395
corn,lewi,2012,cc,269.52,4423.08805,13.83536
corn,lewi,2012,sc,0,5526.459110000001,13.64445
corn,lewi,2012,sc,44.92,6550.8655100000005,2.18985
corn,lewi,2012,sc,89.84,7363.98809,1.89787
corn,lewi,2012,sc,134.76,6987.30532,12.98188
corn,lewi,2012,sc,179.68,7550.728840000002,7.73747
corn,lewi,2012,sc,224.6,7357.58555,11.016630000000001
corn,lewi,2012,sc,269.52,7577.939635000001,17.923080000000002
corn,lewi,2013,cc,0,3631.8408149999996,17.541259999999998
corn,lewi,2013,cc,44.92,5538.730645000001,15.12681
corn,lewi,2013,cc,89.84,6885.398225000001,8.73694
corn,lewi,2013,cc,134.76,7476.032540000001,21.31454
corn,lewi,2013,cc,179.68,9019.578225000001,9.129990000000001
corn,lewi,2013,cc,224.6,9712.65318,21.17978
corn,lewi,2013,cc,269.52,9931.940175,10.342830000000001
corn,lewi,2013,sc,0,6082.946545000001,24.84076
corn,lewi,2013,sc,44.92,7601.94916,19.091
corn,lewi,2013,sc,89.84,7290.892425,18.70918
corn,lewi,2013,sc,134.76,7953.021770000001,21.47176
corn,lewi,2013,sc,179.68,8039.989605000001,30.91619
corn,lewi,2013,sc,224.6,8503.64021,11.690430000000001
corn,lewi,2013,sc,269.52,7986.101560000001,10.23053
corn,lewi,2014,cc,0,2720.01241,4.02034
corn,lewi,2014,cc,44.92,5524.324930000001,5.77222
corn,lewi,2014,cc,89.84,6564.737680000001,27.81671
corn,lewi,2014,cc,134.76,8031.452885000001,8.18667
corn,lewi,2014,cc,179.68,8878.188800000002,4.840129999999999
corn,lewi,2014,cc,224.6,9128.95495,11.24123
corn,lewi,2014,cc,269.52,8568.199155,5.40163
corn,lewi,2014,sc,0,6693.322025,15.64339
corn,lewi,2014,sc,44.92,8234.73353,18.72041
corn,lewi,2014,sc,89.84,8990.766795,10.09577
corn,lewi,2014,sc,134.76,9464.554755,9.332130000000001
corn,lewi,2014,sc,179.68,9585.135925,1.5272800000000002
corn,lewi,2014,sc,224.6,9838.5698,5.41286
corn,lewi,2014,sc,269.52,9850.841335,8.01822
corn,lewi,2015,cc,0,2525.8020300000003,5.96313
corn,lewi,2015,cc,44.92,4614.630705,9.803790000000001
corn,lewi,2015,cc,89.84,5476.839425,13.408619999999999
corn,lewi,2015,cc,134.76,7219.397395,21.77497
corn,lewi,2015,cc,179.68,8661.035985,12.09471
corn,lewi,2015,cc,224.6,9339.705225,14.453009999999999
corn,lewi,2015,cc,269.52,8486.033225000001,15.1605
corn,lewi,2015,sc,0,5309.83984,2.93103
corn,lewi,2015,sc,44.92,6670.37959,11.7915
corn,lewi,2015,sc,89.84,7108.953580000001,11.24123
corn,lewi,2015,sc,134.76,8408.6692,18.24875
corn,lewi,2015,sc,179.68,9261.27411,14.05996
corn,lewi,2015,sc,224.6,9616.081535,16.75516
corn,lewi,2015,sc,269.52,10002.90166,13.83536
corn,lewi,2016,cc,0,2455.907635,3.9866499999999996
corn,lewi,2016,cc,44.92,5434.68937,10.050849999999999
corn,lewi,2016,cc,89.84,6474.03503,21.65144
corn,lewi,2016,cc,134.76,7277.553800000001,16.811310000000002
corn,lewi,2016,cc,179.68,8932.61039,8.50111
corn,lewi,2016,cc,224.6,10626.615765,24.560010000000002
corn,lewi,2016,cc,269.52,10978.22192,10.342830000000001
corn,lewi,2016,sc,0,4922.48617,18.04661
corn,lewi,2016,sc,44.92,7831.37351,21.94342
corn,lewi,2016,sc,89.84,8597.010585,14.273330000000001
corn,lewi,2016,sc,134.76,9205.251885,19.86587
corn,lewi,2016,sc,179.68,11433.335804999999,6.18773
corn,lewi,2016,sc,224.6,11497.894750000001,5.62623
corn,lewi,2016,sc,269.52,11877.245245000002,6.07543
corn,mcna,1999,sc,0,4279.030900000001,8.6471
corn,mcna,1999,sc,44.92,5207.3992,22.69583
corn,mcna,1999,sc,89.84,6888.06595,18.259980000000002
corn,mcna,1999,sc,134.76,7768.4151999999995,16.41826
corn,mcna,1999,sc,179.68,8627.422649999999,22.78567
corn,mcna,1999,sc,224.6,8792.821600000001,21.02256
corn,mcna,1999,sc,269.52,8510.04275,23.74022
corn,mcna,2000,cc,0,4556.474300000001,6.25511
corn,mcna,2000,cc,44.92,6583.945300000001,10.60112
corn,mcna,2000,cc,89.84,7608.3517,3.07702
corn,mcna,2000,cc,134.76,8205.922100000002,6.109120000000001
corn,mcna,2000,cc,179.68,8211.257550000002,7.35565
corn,mcna,2000,cc,224.6,8280.6184,6.56955
corn,mcna,2000,cc,269.52,8061.86495,9.848709999999999
corn,mcna,2000,sc,0,7336.24375,10.41021
corn,mcna,2000,sc,44.92,7928.4787,19.13592
corn,mcna,2000,sc,89.84,8189.915749999999,9.7701
corn,mcna,2000,sc,134.76,8205.922100000002,12.207009999999999
corn,mcna,2000,sc,179.68,8579.403600000001,7.56902
corn,mcna,2000,sc,224.6,8147.232149999999,8.37758
corn,mcna,2000,sc,269.52,8344.6438,3.07702
corn,mcna,2001,cc,0,1056.4191,4.86259
corn,mcna,2001,cc,44.92,3265.2954000000004,17.60864
corn,mcna,2001,cc,89.84,4551.13885,8.6471
corn,mcna,2001,cc,134.76,5810.30505,25.53702
corn,mcna,2001,cc,179.68,6813.36965,22.20171
corn,mcna,2001,cc,224.6,6669.3125,36.03707000000001
corn,mcna,2001,cc,269.52,6455.8945,31.477690000000003
corn,mcna,2001,sc,0,3441.3652500000003,4.177560000000001
corn,mcna,2001,sc,44.92,4332.3854,23.414550000000002
corn,mcna,2001,sc,89.84,6381.1982,26.839699999999997
corn,mcna,2001,sc,134.76,7186.85115,16.90115
corn,mcna,2001,sc,179.68,7272.218350000001,19.51774
corn,mcna,2001,sc,224.6,7608.3517,12.18455
corn,mcna,2001,sc,269.52,8061.86495,12.17332
corn,mcna,2002,cc,0,3190.5991,7.80485
corn,mcna,2002,cc,44.92,5676.9188,7.15351
corn,mcna,2002,cc,89.84,7080.14215,12.56637
corn,mcna,2002,cc,134.76,8707.4544,17.02468
corn,mcna,2002,cc,179.68,9064.92955,16.83377
corn,mcna,2002,cc,224.6,9305.024800000001,12.4653
corn,mcna,2002,cc,269.52,9726.525350000002,14.363169999999998
corn,mcna,2002,sc,0,7581.6744499999995,6.99629
corn,mcna,2002,sc,44.92,9918.601550000001,19.4279
corn,mcna,2002,sc,89.84,10404.1275,13.97012
corn,mcna,2002,sc,134.76,10943.00795,9.5455
corn,mcna,2002,sc,179.68,10975.02065,12.18455
corn,mcna,2002,sc,224.6,10473.488350000001,9.848709999999999
corn,mcna,2002,sc,269.52,10814.957149999998,5.57008
corn,mcna,2003,cc,0,464.18414999999993,3.79574
corn,mcna,2003,cc,44.92,1637.98315,7.80485
corn,mcna,2003,cc,89.84,2891.8139,19.48405
corn,mcna,2003,cc,134.76,3750.8213499999997,28.4119
corn,mcna,2003,cc,179.68,3884.2075999999997,13.65568
corn,mcna,2003,cc,224.6,4428.4235,16.339650000000002
corn,mcna,2003,cc,269.52,4625.835150000001,19.34929
corn,mcna,2003,sc,0,3670.7896,9.848709999999999
corn,mcna,2003,sc,44.92,4940.6267,23.86375
corn,mcna,2003,sc,89.84,6098.41935,11.31984
corn,mcna,2003,sc,134.76,6541.2617,9.972240000000001
corn,mcna,2003,sc,179.68,5954.3622,14.57654
corn,mcna,2003,sc,224.6,6402.54,14.57654
corn,mcna,2003,sc,269.52,5997.045800000001,16.03644
corn,mcna,2004,cc,0,2246.757995,53.51095
corn,mcna,2004,cc,44.92,2645.849655,25.4921
corn,mcna,2004,cc,89.84,4848.323415000001,25.88515
corn,mcna,2004,cc,134.76,9753.736145,18.23752
corn,mcna,2004,cc,179.68,11678.232960000001,9.0963
corn,mcna,2004,cc,224.6,11912.992760000001,56.95856
corn,mcna,2004,cc,269.52,13645.413375000002,17.59741
corn,mcna,2004,sc,0,6109.09025,16.45195
corn,mcna,2004,sc,44.92,8014.91299,32.52208
corn,mcna,2004,sc,89.84,10311.824215,33.937059999999995
corn,mcna,2004,sc,134.76,11516.568825,41.19164
corn,mcna,2004,sc,179.68,12043.17774,25.75039
corn,mcna,2004,sc,224.6,13265.529335,22.02203
corn,mcna,2004,sc,269.52,13897.780160000002,21.628980000000002
corn,mcna,2005,cc,0,2377.47652,21.61775
corn,mcna,2005,cc,44.92,3907.68358,19.01239
corn,mcna,2005,cc,89.84,5171.651685000001,31.88197
corn,mcna,2005,cc,134.76,6081.34591,20.37122
corn,mcna,2005,cc,179.68,7442.95275,10.522509999999999
corn,mcna,2005,cc,224.6,8290.755755,14.49793
corn,mcna,2005,cc,269.52,9006.2396,11.162619999999999
corn,mcna,2005,sc,0,6073.342735,52.61255
corn,mcna,2005,sc,44.92,8154.701780000001,15.98029
corn,mcna,2005,sc,89.84,10097.339125,12.89204
corn,mcna,2005,sc,134.76,10579.13026,11.35353
corn,mcna,2005,sc,179.68,10582.865075,8.826780000000001
corn,mcna,2005,sc,224.6,10366.77935,22.99904
corn,mcna,2005,sc,269.52,11408.25919,10.48882
corn,mcna,2006,cc,0,3020.398245,17.37281
corn,mcna,2006,cc,44.92,4902.745005,9.18614
corn,mcna,2006,cc,89.84,6295.831,4.750290000000001
corn,mcna,2006,cc,134.76,6846.449439999999,3.24547
corn,mcna,2006,cc,179.68,8282.219035,5.2781
corn,mcna,2006,cc,224.6,8001.574365,8.23159
corn,mcna,2006,cc,269.52,8076.270665000001,6.0305100000000005
corn,mcna,2006,sc,0,5408.01212,17.68725
corn,mcna,2006,sc,44.92,6627.162445,8.92785
corn,mcna,2006,sc,89.84,7309.032955000001,18.69795
corn,mcna,2006,sc,134.76,7078.00797,22.325239999999997
corn,mcna,2006,sc,179.68,7350.11592,18.28244
corn,mcna,2006,sc,224.6,7656.37075,18.9787
corn,mcna,2006,sc,269.52,7746.539855,21.53914
corn,mcna,2007,cc,0,2907.82025,17.170669999999998
corn,mcna,2007,cc,44.92,4256.62201,22.325239999999997
corn,mcna,2007,cc,89.84,6238.20814,23.63915
corn,mcna,2007,cc,134.76,6852.318435,44.75155
corn,mcna,2007,cc,179.68,8253.94115,32.06165
corn,mcna,2007,cc,224.6,9151.897385,18.563190000000002
corn,mcna,2007,cc,269.52,8912.869225,13.8129
corn,mcna,2007,sc,0,6751.47843,21.337
corn,mcna,2007,sc,44.92,7101.48395,29.57982
corn,mcna,2007,sc,89.84,9061.194735000001,25.75039
corn,mcna,2007,sc,134.76,10398.792050000002,29.01832
corn,mcna,2007,sc,179.68,10112.81193,33.00497
corn,mcna,2007,sc,224.6,11003.298535,17.27174
corn,mcna,2007,sc,269.52,10975.02065,3.41392
corn,mcna,2008,cc,0,878.7486149999999,9.39951
corn,mcna,2008,cc,44.92,983.85698,5.96313
corn,mcna,2008,cc,89.84,1293.31308,8.65833
corn,mcna,2008,cc,134.76,2509.79568,15.50863
corn,mcna,2008,cc,179.68,4547.93758,14.29579
corn,mcna,2008,cc,224.6,5088.9522099999995,37.22745
corn,mcna,2008,cc,269.52,7060.934530000001,42.75261
corn,mcna,2008,sc,0,2421.7607550000002,14.599
corn,mcna,2008,sc,44.92,3622.2370050000004,28.31083
corn,mcna,2008,sc,89.84,5244.213805,15.22788
corn,mcna,2008,sc,134.76,7471.764179999999,22.3477
corn,mcna,2008,sc,179.68,8638.093550000001,36.250440000000005
corn,mcna,2008,sc,224.6,10002.90166,32.43224
corn,mcna,2008,sc,269.52,10120.815105,13.54338
corn,mcna,2009,cc,0,1879.1454899999999,7.32196
corn,mcna,2009,cc,44.92,2176.8636,5.817139999999999
corn,mcna,2009,cc,89.84,2031.7393599999998,10.56743
corn,mcna,2009,cc,134.76,2176.8636,18.47335
corn,mcna,2009,cc,179.68,2324.6555650000005,11.005400000000002
corn,mcna,2009,cc,224.6,3797.773310000001,14.09365
corn,mcna,2009,cc,269.52,4290.235344999999,33.18465
corn,mcna,2009,sc,0,1173.799,9.07384
corn,mcna,2009,sc,44.92,1674.797755,7.6364
corn,mcna,2009,sc,89.84,2428.163295,20.39368
corn,mcna,2009,sc,134.76,3766.8277,34.91407
corn,mcna,2009,sc,179.68,4908.080455,33.835989999999995
corn,mcna,2009,sc,224.6,7141.499824999999,25.55948
corn,mcna,2009,sc,269.52,5828.979125,41.39378
corn,mcna,2010,cc,0,470.5866900000001,4.64922
corn,mcna,2010,cc,44.92,1299.71562,17.94554
corn,mcna,2010,cc,89.84,2523.6678500000003,16.42949
corn,mcna,2010,cc,134.76,4397.47789,34.97022
corn,mcna,2010,cc,179.68,6154.441575,16.07013
corn,mcna,2010,cc,224.6,6135.233955,17.339119999999998
corn,mcna,2010,cc,269.52,6338.5145999999995,15.80061
corn,mcna,2010,sc,0,1565.42103,5.682379999999999
corn,mcna,2010,sc,44.92,2874.2069149999998,16.47441
corn,mcna,2010,sc,89.84,4539.934405000001,24.223110000000002
corn,mcna,2010,sc,134.76,6594.082655,5.2219500000000005
corn,mcna,2010,sc,179.68,7619.0226,19.97817
corn,mcna,2010,sc,224.6,8083.740295,30.635440000000003
corn,mcna,2010,sc,269.52,8575.135240000001,12.948189999999999
corn,mcna,2011,cc,0,1226.08641,7.24335
corn,mcna,2011,cc,44.92,2521.000125,15.564779999999999
corn,mcna,2011,cc,89.84,3750.2878050000004,13.21771
corn,mcna,2011,cc,134.76,5117.230095,1.9091
corn,mcna,2011,cc,179.68,7921.009070000001,10.219299999999999
corn,mcna,2011,cc,224.6,8457.221795,21.527910000000002
corn,mcna,2011,cc,269.52,9253.80448,21.6739
corn,mcna,2011,sc,0,3633.44145,3.76205
corn,mcna,2011,sc,44.92,5293.83349,14.90221
corn,mcna,2011,sc,89.84,6486.306565,13.83536
corn,mcna,2011,sc,134.76,8077.871300000001,20.09047
corn,mcna,2011,sc,179.68,9081.469445,28.6365
corn,mcna,2011,sc,224.6,9701.98228,17.30543
corn,mcna,2011,sc,269.52,10384.91988,14.0375
corn,mcna,2012,cc,0,1032.4095750000001,4.59307
corn,mcna,2012,cc,44.92,1657.7243150000002,20.82042
corn,mcna,2012,cc,89.84,1401.08917,15.32895
corn,mcna,2012,cc,134.76,1702.542095,31.62368
corn,mcna,2012,cc,179.68,1677.999025,24.16696
corn,mcna,2012,cc,224.6,2020.5349150000002,17.22682
corn,mcna,2012,cc,269.52,2376.4094299999997,31.915660000000003
corn,mcna,2012,sc,0,4147.245285,10.02839
corn,mcna,2012,sc,44.92,3994.6514150000007,9.51181
corn,mcna,2012,sc,89.84,3782.834050000001,17.541259999999998
corn,mcna,2012,sc,134.76,3917.820935,26.637559999999997
corn,mcna,2012,sc,179.68,4327.583495,25.87392
corn,mcna,2012,sc,224.6,3844.1917249999997,31.00603
corn,mcna,2012,sc,269.52,3917.820935,27.71564
corn,mcna,2013,cc,0,588.500135,6.00805
corn,mcna,2013,cc,44.92,2406.821495,21.57283
corn,mcna,2013,cc,89.84,3245.0206900000003,9.107529999999999
corn,mcna,2013,cc,134.76,5508.852125,18.74287
corn,mcna,2013,cc,179.68,6946.755899999999,11.959950000000001
corn,mcna,2013,cc,224.6,7754.0094850000005,20.57336
corn,mcna,2013,cc,269.52,7805.229804999999,17.79955
corn,mcna,2013,sc,0,2326.789745,6.45725
corn,mcna,2013,sc,44.92,4745.34923,7.47918
corn,mcna,2013,sc,89.84,6156.575755,10.09577
corn,mcna,2013,sc,134.76,8044.257965000001,8.74817
corn,mcna,2013,sc,179.68,8668.505615,9.89363
corn,mcna,2013,sc,224.6,8732.531014999999,6.59201
corn,mcna,2013,sc,269.52,8898.46351,11.117700000000001
corn,mcna,2014,cc,0,822.72639,7.87223
corn,mcna,2014,cc,44.92,1639.05024,12.45407
corn,mcna,2014,cc,89.84,2769.632095,21.4493
corn,mcna,2014,cc,134.76,5316.242380000001,18.50704
corn,mcna,2014,cc,179.68,7778.552554999999,25.301190000000002
corn,mcna,2014,cc,224.6,9284.750090000001,29.29907
corn,mcna,2014,cc,269.52,11317.022995000001,18.5295
corn,mcna,2014,sc,0,6573.807945,29.680889999999998
corn,mcna,2014,sc,44.92,8025.58389,44.302350000000004
corn,mcna,2014,sc,89.84,9170.037915,45.144600000000004
corn,mcna,2014,sc,134.76,10940.87377,40.56276
corn,mcna,2014,sc,179.68,11254.064685,24.98675
corn,mcna,2014,sc,224.6,11705.443755,28.43436
corn,mcna,2014,sc,269.52,12031.43975,12.678669999999999
corn,mcna,2015,cc,0,1445.90695,24.458940000000002
corn,mcna,2015,cc,44.92,2366.2720750000003,7.83854
corn,mcna,2015,cc,89.84,2844.86194,4.91874
corn,mcna,2015,cc,134.76,3709.2048400000003,16.08136
corn,mcna,2015,cc,179.68,5833.247485,23.279790000000002
corn,mcna,2015,cc,224.6,6462.29704,42.19111
corn,mcna,2015,cc,269.52,6999.576854999999,28.939709999999998
corn,mcna,2015,sc,0,3983.44697,14.924669999999999
corn,mcna,2015,sc,44.92,5070.2781350000005,36.47504
corn,mcna,2015,sc,89.84,8128.558075,9.500580000000001
corn,mcna,2015,sc,134.76,9698.247465000002,12.09471
corn,mcna,2015,sc,179.68,9782.547575,21.393150000000002
corn,mcna,2015,sc,224.6,10621.280315,8.83801
corn,mcna,2015,sc,269.52,11733.188095,10.915560000000001
corn,mcna,2016,cc,0,1476.3190150000003,6.78292
corn,mcna,2016,cc,44.92,3659.05161,42.87614
corn,mcna,2016,cc,89.84,6750.41134,11.117700000000001
corn,mcna,2016,cc,134.76,10385.98697,13.74552
corn,mcna,2016,cc,179.68,10878.98255,15.194189999999999
corn,mcna,2016,cc,224.6,11360.24014,33.97075
corn,mcna,2016,cc,269.52,11775.33815,14.61023
corn,mcna,2016,sc,0,3561.412875,13.981349999999999
corn,mcna,2016,sc,44.92,5507.785035,33.36433
corn,mcna,2016,sc,89.84,7896.466,14.87975
corn,mcna,2016,sc,134.76,11168.16394,7.10859
corn,mcna,2016,sc,179.68,11578.993590000002,4.13264
corn,mcna,2016,sc,224.6,11586.996765,12.56637
corn,mcna,2016,sc,269.52,12027.704935,7.131049999999999
corn,nash,2005,cc,0,3438.16398,36.317820000000005
corn,nash,2005,cc,44.92,4603.959805,46.7168
corn,nash,2005,cc,89.84,5599.5547750000005,46.986320000000006
corn,nash,2005,cc,134.76,6686.919485,43.44887
corn,nash,2005,cc,179.68,8101.347280000001,19.83218
corn,nash,2005,cc,224.6,9060.661189999999,15.01451
corn,nash,2005,cc,269.52,9226.593685000002,18.967470000000002
corn,nash,2005,sc,0,5552.602815,37.474509999999995
corn,nash,2005,sc,44.92,8055.995955000001,45.144600000000004
corn,nash,2005,sc,89.84,8383.592585,51.74784
corn,nash,2005,sc,134.76,10176.303785,41.573460000000004
corn,nash,2005,sc,179.68,9816.16091,34.04936
corn,nash,2005,sc,224.6,10400.92623,21.99957
corn,nash,2005,sc,269.52,10121.882195000002,27.95147
corn,nash,2006,cc,0,4168.587084999999,7.96207
corn,nash,2006,cc,44.92,5778.825895000001,7.34442
corn,nash,2006,cc,89.84,7149.503,13.01557
corn,nash,2006,cc,134.76,8131.7593449999995,8.45619
corn,nash,2006,cc,179.68,8002.10791,10.994169999999999
corn,nash,2006,cc,224.6,8362.250785,8.7594
corn,nash,2006,cc,269.52,8406.001475000001,7.77116
corn,nash,2006,sc,0,6423.348255000001,14.722529999999999
corn,nash,2006,sc,44.92,7980.766110000001,10.533740000000002
corn,nash,2006,sc,89.84,8236.334165,13.56584
corn,nash,2006,sc,134.76,8881.923615,15.3851
corn,nash,2006,sc,179.68,8812.562765,6.59201
corn,nash,2006,sc,224.6,9585.135925,5.1882600000000005
corn,nash,2006,sc,269.52,9370.650834999999,6.38987
corn,nash,2007,cc,0,2609.03505,14.44178
corn,nash,2007,cc,44.92,4575.68192,6.86153
corn,nash,2007,cc,89.84,5405.877939999999,31.466459999999998
corn,nash,2007,cc,134.76,8398.531845,23.08888
corn,nash,2007,cc,179.68,9585.66947,31.30924
corn,nash,2007,cc,224.6,9839.103345,13.76798
corn,nash,2007,cc,269.52,10016.240285,7.61394
corn,nash,2007,sc,0,5005.71919,27.60334
corn,nash,2007,sc,44.92,7113.755485000001,8.14175
corn,nash,2007,sc,89.84,9434.676235,22.010800000000003
corn,nash,2007,sc,134.76,10998.49663,8.01822
corn,nash,2007,sc,179.68,11834.561645000002,10.062080000000002
corn,nash,2007,sc,224.6,11979.685885,5.42409
corn,nash,2007,sc,269.52,11746.52672,16.40703
corn,nash,2008,cc,0,2569.019175,8.43373
corn,nash,2008,cc,44.92,3467.508955,18.57442
corn,nash,2008,cc,89.84,4669.052295,9.500580000000001
corn,nash,2008,cc,134.76,6040.79649,16.13751
corn,nash,2008,cc,179.68,6904.072300000001,15.34018
corn,nash,2008,cc,224.6,7931.679969999999,13.577069999999999
corn,nash,2008,cc,269.52,8665.837889999999,12.431610000000001
corn,nash,2008,sc,0,4082.6863399999997,10.93802
corn,nash,2008,sc,44.92,5919.14823,8.93908
corn,nash,2008,sc,89.84,7532.588310000001,13.5883
corn,nash,2008,sc,134.76,9703.04937,39.37238
corn,nash,2008,sc,179.68,11191.63992,16.2835
corn,nash,2008,sc,224.6,11023.039700000001,14.83483
corn,nash,2008,sc,269.52,11459.479510000001,16.94607
corn,nash,2009,cc,0,2896.08226,8.590950000000001
corn,nash,2009,cc,44.92,5054.805329999999,12.869580000000001
corn,nash,2009,cc,89.84,6938.219179999999,20.6632
corn,nash,2009,cc,134.76,8726.128475000001,20.06801
corn,nash,2009,cc,179.68,9100.677065,14.13857
corn,nash,2009,cc,224.6,8890.460335,9.56796
corn,nash,2009,cc,269.52,8998.236425000001,8.25405
corn,nash,2009,sc,0,5361.06016,22.71829
corn,nash,2009,sc,44.92,6937.685635,22.49369
corn,nash,2009,sc,89.84,9239.398765,24.52632
corn,nash,2009,sc,134.76,11121.21198,11.29738
corn,nash,2009,sc,179.68,11183.636745000002,19.01239
corn,nash,2009,sc,224.6,11175.100025,3.00964
corn,nash,2009,sc,269.52,10838.43313,29.13062
corn,nash,2010,cc,0,3589.157215,16.27227
corn,nash,2010,cc,44.92,4561.80975,18.6418
corn,nash,2010,cc,89.84,5939.4229399999995,20.11293
corn,nash,2010,cc,134.76,7840.443775,21.5616
corn,nash,2010,cc,179.68,8760.275355,23.50439
corn,nash,2010,cc,224.6,9552.58968,18.439660000000003
corn,nash,2010,cc,269.52,9928.738905,8.88293
corn,nash,2010,sc,0,5150.84343,24.75092
corn,nash,2010,sc,44.92,7532.588310000001,13.240169999999999
corn,nash,2010,sc,89.84,8303.02729,26.67125
corn,nash,2010,sc,134.76,10010.37129,40.57399
corn,nash,2010,sc,179.68,10712.51651,11.89257
corn,nash,2010,sc,224.6,10628.749945,14.86852
corn,nash,2010,sc,269.52,10515.638405000002,8.88293
corn,nash,2011,cc,0,3692.1314,11.31984
corn,nash,2011,cc,44.92,6003.981885,12.98188
corn,nash,2011,cc,89.84,8337.174169999998,21.5616
corn,nash,2011,cc,134.76,10610.609415,9.904860000000001
corn,nash,2011,cc,179.68,11246.595055,14.13857
corn,nash,2011,cc,224.6,11968.48144,5.5925400000000005
corn,nash,2011,cc,269.52,12322.221775,11.42091
corn,nash,2011,sc,0,6273.955655,27.019379999999998
corn,nash,2011,sc,44.92,9139.625850000002,21.8985
corn,nash,2011,sc,89.84,10420.667395,29.57982
corn,nash,2011,sc,134.76,12343.563575,19.97817
corn,nash,2011,sc,179.68,13027.034720000001,16.88992
corn,nash,2011,sc,224.6,12992.887840000001,13.99258
corn,nash,2011,sc,269.52,12616.20507,11.46583
corn,nash,2012,cc,0,3438.697525,2.5941300000000003
corn,nash,2012,cc,44.92,5443.759634999999,8.44496
corn,nash,2012,cc,89.84,6593.54911,25.357339999999997
corn,nash,2012,cc,134.76,7735.33541,23.65038
corn,nash,2012,cc,179.68,7160.707445000001,2.6053599999999997
corn,nash,2012,cc,224.6,7250.343005,18.462120000000002
corn,nash,2012,cc,269.52,7345.314014999999,6.6032399999999996
corn,nash,2012,sc,0,5225.5397299999995,12.15086
corn,nash,2012,sc,44.92,7606.21752,17.50757
corn,nash,2012,sc,89.84,7628.092865,20.42737
corn,nash,2012,sc,134.76,8268.88041,42.47186
corn,nash,2012,sc,179.68,9178.574635,31.073410000000003
corn,nash,2012,sc,224.6,8560.729525,5.57008
corn,nash,2012,sc,269.52,9145.494845000001,34.76808
corn,nash,2013,cc,0,3556.6109699999997,17.79955
corn,nash,2013,cc,44.92,4866.99749,10.6685
corn,nash,2013,cc,89.84,5739.343564999999,30.17501
corn,nash,2013,cc,134.76,7114.822575,14.003810000000001
corn,nash,2013,cc,179.68,8771.479800000001,27.77179
corn,nash,2013,cc,224.6,9290.619085,13.408619999999999
corn,nash,2013,cc,269.52,9692.912015,21.12363
corn,nash,2013,sc,0,3835.655005,13.779209999999999
corn,nash,2013,sc,44.92,5266.622695,11.80273
corn,nash,2013,sc,89.84,8144.030879999999,33.55524
corn,nash,2013,sc,134.76,9162.034740000001,3.55991
corn,nash,2013,sc,179.68,10832.564135,8.7594
corn,nash,2013,sc,224.6,10647.42402,12.48776
corn,nash,2013,sc,269.52,10626.08222,32.18518
corn,nash,2014,cc,0,2507.6615,16.57548
corn,nash,2014,cc,44.92,4148.312375,20.11293
corn,nash,2014,cc,89.84,5598.487685,13.318779999999999
corn,nash,2014,cc,134.76,7272.751895,25.694239999999997
corn,nash,2014,cc,179.68,8170.174585,14.01504
corn,nash,2014,cc,224.6,9194.580985,6.12035
corn,nash,2014,cc,269.52,9691.31138,10.58989
corn,nash,2014,sc,0,3372.0044000000003,8.14175
corn,nash,2014,sc,44.92,5533.395195,8.50111
corn,nash,2014,sc,89.84,7066.269979999999,22.26909
corn,nash,2014,sc,134.76,8443.88317,20.124160000000003
corn,nash,2014,sc,179.68,9987.428855,13.049259999999999
corn,nash,2014,sc,224.6,10663.963915,7.40057
corn,nash,2014,sc,269.52,10701.312064999998,21.15732
corn,nash,2015,cc,0,2970.77856,9.309669999999999
corn,nash,2015,cc,44.92,5319.44365,9.579189999999999
corn,nash,2015,cc,89.84,8424.675550000002,8.04068
corn,nash,2015,cc,134.76,9860.445145000002,17.339119999999998
corn,nash,2015,cc,179.68,11283.943205,9.45566
corn,nash,2015,cc,224.6,11368.243315,3.71713
corn,nash,2015,cc,269.52,12186.167800000001,8.34389
corn,nash,2015,sc,0,4516.458425000001,19.180839999999996
corn,nash,2015,sc,44.92,6634.6320749999995,22.44877
corn,nash,2015,sc,89.84,8700.518315,27.962699999999998
corn,nash,2015,sc,134.76,10295.28432,34.20658
corn,nash,2015,sc,179.68,12123.209490000001,24.020970000000002
corn,nash,2015,sc,224.6,12462.010565,6.14281
corn,nash,2015,sc,269.52,12096.53224,27.03061
corn,nash,2016,cc,0,2117.640105,18.024150000000002
corn,nash,2016,cc,44.92,3758.8245250000004,6.92891
corn,nash,2016,cc,89.84,5673.717530000001,29.7595
corn,nash,2016,cc,134.76,8308.896284999999,19.506510000000002
corn,nash,2016,cc,179.68,10809.621700000002,21.337
corn,nash,2016,cc,224.6,10786.679264999999,16.48564
corn,nash,2016,cc,269.52,11993.02451,12.802200000000001
corn,nash,2016,sc,0,3495.2532950000004,18.32736
corn,nash,2016,sc,44.92,6417.47926,14.09365
corn,nash,2016,sc,89.84,7953.5553150000005,14.890979999999999
corn,nash,2016,sc,134.76,9925.00409,30.433300000000003
corn,nash,2016,sc,179.68,11254.598230000001,21.66267
corn,nash,2016,sc,224.6,12225.116585,3.1443999999999996
corn,nash,2016,sc,269.52,12326.490135,16.03644
corn,suth,2000,cc,0,6093.0839000000005,15.25034
corn,suth,2000,cc,44.92,7096.148499999999,7.4454899999999995
corn,suth,2000,cc,89.84,6674.64795,18.664260000000002
corn,suth,2000,cc,134.76,7603.01625,30.534370000000003
corn,suth,2000,cc,179.68,7229.534750000001,29.83811
corn,suth,2000,cc,224.6,7309.5665,14.46424
corn,suth,2000,cc,269.52,7448.288200000001,26.412959999999998
corn,suth,2001,cc,0,2929.16205,6.13158
corn,suth,2001,cc,44.92,4577.8161,19.02362
corn,suth,2001,cc,89.84,6594.6162,6.56955
corn,suth,2001,cc,134.76,6466.5654,19.24822
corn,suth,2001,cc,179.68,6669.3125,15.317720000000001
corn,suth,2001,cc,224.6,6125.0966,4.32355
corn,suth,2001,cc,269.52,6303.834175,7.366879999999999
corn,suth,2001,sc,0,5564.87435,20.225230000000003
corn,suth,2001,sc,44.92,6391.8691,16.85623
corn,suth,2001,sc,89.84,7613.68715,7.24335
corn,suth,2001,sc,134.76,7960.4914,9.433200000000001
corn,suth,2001,sc,179.68,7688.383449999999,23.414550000000002
corn,suth,2001,sc,224.6,7709.72525,4.739059999999999
corn,suth,2001,sc,269.52,7560.332649999999,10.25299
corn,suth,2002,cc,0,3131.90915,7.99576
corn,suth,2002,cc,44.92,4172.3219,6.32249
corn,suth,2002,cc,89.84,4647.17695,8.70325
corn,suth,2002,cc,134.76,4721.873250000001,14.20595
corn,suth,2002,cc,179.68,4999.316650000001,10.36529
corn,suth,2002,cc,224.6,4833.917699999999,10.30914
corn,suth,2002,cc,269.52,5074.012949999999,19.02362
corn,suth,2002,sc,0,5079.348400000001,7.67009
corn,suth,2002,sc,44.92,6215.79925,3.4700699999999998
corn,suth,2002,sc,89.84,5965.033100000001,7.26581
corn,suth,2002,sc,134.76,6109.09025,13.75675
corn,suth,2002,sc,179.68,6610.62255,9.28721
corn,suth,2002,sc,224.6,6285.1601,6.0642000000000005
corn,suth,2002,sc,269.52,6413.2109,3.72836
corn,suth,2003,cc,0,4140.3092,20.76427
corn,suth,2003,cc,44.92,6061.071199999999,14.453009999999999
corn,suth,2003,cc,89.84,6893.4014,19.16961
corn,suth,2003,cc,134.76,7298.895600000001,20.214
corn,suth,2003,cc,179.68,7544.3263000000015,20.86534
corn,suth,2003,cc,224.6,7288.2247,23.15626
corn,suth,2003,cc,269.52,7341.5792,19.5402
corn,suth,2003,sc,0,7048.129449999999,7.59148
corn,suth,2003,sc,44.92,8942.2142,7.6364
corn,suth,2003,sc,89.84,9086.27135,6.5021700000000004
corn,suth,2003,sc,134.76,9363.71475,13.33001
corn,suth,2003,sc,179.68,9385.05655,24.762150000000002
corn,suth,2003,sc,224.6,9240.999399999999,14.003810000000001
corn,suth,2003,sc,269.52,9566.461850000002,12.218240000000002
corn,suth,2004,cc,0,2604.233145,6.00805
corn,suth,2004,cc,44.92,3267.963125,8.79309
corn,suth,2004,cc,89.84,3417.355725,9.27598
corn,suth,2004,cc,134.76,3370.9373100000003,13.2514
corn,suth,2004,cc,179.68,3619.56928,4.43585
corn,suth,2004,cc,224.6,3381.0746649999996,5.23318
corn,suth,2004,cc,269.52,3453.10324,10.073310000000001
corn,suth,2004,sc,0,3350.6626,3.51499
corn,suth,2004,sc,44.92,3644.11235,16.0589
corn,suth,2004,sc,89.84,3552.876155000001,10.57866
corn,suth,2004,sc,134.76,3608.3648349999994,7.06367
corn,suth,2004,sc,179.68,3333.0556149999998,8.24282
corn,suth,2004,sc,224.6,3489.9178450000004,5.31179
corn,suth,2004,sc,269.52,3735.3485450000003,6.98506
corn,suth,2005,cc,0,7611.019425000001,6.82784
corn,suth,2005,cc,44.92,9530.18079,9.590419999999998
corn,suth,2005,cc,89.84,9694.512649999999,9.19737
corn,suth,2005,cc,134.76,9986.895310000002,11.29738
corn,suth,2005,cc,179.68,10172.035425,3.9417299999999997
corn,suth,2005,cc,224.6,10146.95881,8.6471
corn,suth,2005,cc,269.52,9827.365355000002,4.14387
corn,suth,2005,sc,0,9238.8652200000015,3.02087
corn,suth,2005,sc,44.92,10178.971510000001,11.05032
corn,suth,2005,sc,89.84,10724.788045,3.4476099999999996
corn,suth,2005,sc,134.76,10558.322005,14.20595
corn,suth,2005,sc,179.68,10372.648345,9.848709999999999
corn,suth,2005,sc,224.6,10291.01596,14.80114
corn,suth,2005,sc,269.52,10620.213225,5.48024
corn,suth,2006,cc,0,5103.89147,7.62517
corn,suth,2006,cc,44.92,6821.90637,7.61394
corn,suth,2006,cc,89.84,7448.288200000001,4.716600000000001
corn,suth,2006,cc,134.76,8425.209095,9.309669999999999
corn,suth,2006,cc,179.68,8085.34093,16.85623
corn,suth,2006,cc,224.6,7631.82768,20.38245
corn,suth,2006,cc,269.52,7732.667685,13.678139999999999
corn,suth,2006,sc,0,7582.207995000001,13.307549999999999
corn,suth,2006,sc,44.92,8393.72994,11.30861
corn,suth,2006,sc,89.84,8466.825605,13.74552
corn,suth,2006,sc,134.76,9083.603625,8.28774
corn,suth,2006,sc,179.68,9240.999399999999,18.20383
corn,suth,2006,sc,224.6,9228.19432,12.18455
corn,suth,2006,sc,269.52,9094.808070000001,7.32196
corn,suth,2007,cc,0,4107.762955,17.11452
corn,suth,2007,cc,44.92,6376.3962950000005,13.39739
corn,suth,2007,cc,89.84,7392.7995200000005,29.33276
corn,suth,2007,cc,134.76,9046.78902,20.59582
corn,suth,2007,cc,179.68,9177.507544999999,9.377049999999999
corn,suth,2007,cc,224.6,9536.583330000001,11.99364
corn,suth,2007,cc,269.52,9080.402355,20.73058
corn,suth,2007,sc,0,6050.9338450000005,5.25564
corn,suth,2007,sc,44.92,7685.182179999999,19.02362
corn,suth,2007,sc,89.84,8864.850175,10.12946
corn,suth,2007,sc,134.76,9218.59051,10.92679
corn,suth,2007,sc,179.68,9611.2796300000009,16.63163
corn,suth,2007,sc,224.6,9693.44556,11.533209999999999
corn,suth,2007,sc,269.52,10488.961155,9.702720000000001
corn,suth,2008,cc,0,5147.108615,23.268559999999997
corn,suth,2008,cc,44.92,6032.25977,9.17491
corn,suth,2008,cc,89.84,7829.772875000001,15.01451
corn,suth,2008,cc,134.76,9746.800060000001,11.25246
corn,suth,2008,cc,179.68,9826.298265,14.87975
corn,suth,2008,cc,224.6,10024.777005,26.82847
corn,suth,2008,cc,269.52,9899.927475000002,1.66204
corn,suth,2008,sc,0,7474.965449999999,16.56425
corn,suth,2008,sc,44.92,9476.82629,11.12893
corn,suth,2008,sc,89.84,11130.81579,3.50376
corn,suth,2008,sc,134.76,11952.475090000002,14.823599999999999
corn,suth,2008,sc,179.68,12672.227295,14.64392
corn,suth,2008,sc,224.6,12612.470255,20.348760000000002
corn,suth,2008,sc,269.52,12381.44527,5.36794
corn,suth,2009,cc,0,3565.681235,12.600060000000001
corn,suth,2009,cc,44.92,5986.908445,7.90592
corn,suth,2009,cc,89.84,7392.265975000001,4.55938
corn,suth,2009,cc,134.76,9265.008925,13.22894
corn,suth,2009,cc,179.68,9434.676235,14.250869999999999
corn,suth,2009,cc,224.6,9369.583745,7.894690000000001
corn,suth,2009,cc,269.52,9321.564695000001,5.2781
corn,suth,2009,sc,0,7233.269565,10.376520000000001
corn,suth,2009,sc,44.92,9246.868395,4.35724
corn,suth,2009,sc,89.84,10959.0143,4.24494
corn,suth,2009,sc,134.76,10876.848370000002,12.36423
corn,suth,2009,sc,179.68,11383.716120000001,11.08401
corn,suth,2009,sc,224.6,11456.27824,19.77603
corn,suth,2009,sc,269.52,11639.284175,12.18455
corn,suth,2010,cc,0,4292.369525,14.149799999999999
corn,suth,2010,cc,44.92,6001.314160000001,7.00752
corn,suth,2010,cc,89.84,7881.52674,5.25564
corn,suth,2010,cc,134.76,9569.129575,13.55461
corn,suth,2010,cc,179.68,10306.488765,5.78345
corn,suth,2010,cc,224.6,11111.074625000001,8.38881
corn,suth,2010,cc,269.52,11465.348505,12.08348
corn,suth,2010,sc,0,6824.04055,22.70706
corn,suth,2010,sc,44.92,9313.027975,20.741809999999997
corn,suth,2010,sc,89.84,10915.797155,16.72147
corn,suth,2010,sc,134.76,11161.227855000001,7.01875
corn,suth,2010,sc,179.68,11715.581110000001,14.149799999999999
corn,suth,2010,sc,224.6,11647.28735,8.51234
corn,suth,2010,sc,269.52,11686.236135,7.80485
corn,suth,2011,cc,0,4009.590675000001,9.41074
corn,suth,2011,cc,44.92,6511.916725,6.90645
corn,suth,2011,cc,89.84,7450.422379999999,16.13751
corn,suth,2011,cc,134.76,8596.477040000002,5.89575
corn,suth,2011,cc,179.68,8943.814835,8.984
corn,suth,2011,cc,224.6,9033.450395,29.748269999999998
corn,suth,2011,cc,269.52,8543.12254,23.29102
corn,suth,2011,sc,0,6631.96435,11.87011
corn,suth,2011,sc,44.92,8308.896284999999,14.02627
corn,suth,2011,sc,89.84,9200.449980000001,18.50704
corn,suth,2011,sc,134.76,9969.288325,15.07066
corn,suth,2011,sc,179.68,9130.555585,24.0322
corn,suth,2011,sc,224.6,9533.915605,14.18349
corn,suth,2011,sc,269.52,9521.110525,22.010800000000003
corn,suth,2012,cc,0,2821.9195050000003,45.24567
corn,suth,2012,cc,44.92,5668.382079999999,26.52526
corn,suth,2012,cc,89.84,6532.72498,20.15785
corn,suth,2012,cc,134.76,8714.390485000002,34.0269
corn,suth,2012,cc,179.68,9452.816765,12.77974
corn,suth,2012,cc,224.6,9146.02839,17.26051
corn,suth,2012,cc,269.52,9806.557100000002,25.840230000000002
corn,suth,2012,sc,0,7110.02067,25.77285
corn,suth,2012,sc,44.92,9504.57063,10.76957
corn,suth,2012,sc,89.84,10578.596715000001,20.76427
corn,suth,2012,sc,134.76,11699.041215000001,13.21771
corn,suth,2012,sc,179.68,11443.47316,23.66161
corn,suth,2012,sc,224.6,12348.899025,19.33806
corn,suth,2012,sc,269.52,12713.31026,11.82519
corn,suth,2013,cc,0,5302.37021,12.74605
corn,suth,2013,cc,44.92,5831.113305,15.25034
corn,suth,2013,cc,89.84,7993.57119,27.69318
corn,suth,2013,cc,134.76,8691.981595000001,12.319310000000002
corn,suth,2013,cc,179.68,9783.08112,8.355120000000001
corn,suth,2013,cc,224.6,10765.87101,28.299599999999998
corn,suth,2013,cc,269.52,11512.300465,19.8771
corn,suth,2013,sc,0,7110.02067,15.86799
corn,suth,2013,sc,44.92,9504.57063,14.947130000000001
corn,suth,2013,sc,89.84,10578.596715000001,10.85941
corn,suth,2013,sc,134.76,11699.041215000001,6.5134
corn,suth,2013,sc,179.68,11443.47316,10.533740000000002
corn,suth,2013,sc,224.6,12348.899025,13.27386
corn,suth,2013,sc,269.52,12713.31026,18.90009
corn,suth,2014,cc,0,2830.98977,9.38828
corn,suth,2014,cc,44.92,4744.28214,15.295259999999999
corn,suth,2014,cc,89.84,6956.359710000001,20.01186
corn,suth,2014,cc,134.76,8451.886345,4.9861200000000006
corn,suth,2014,cc,179.68,9010.50796,18.5295
corn,suth,2014,cc,224.6,9738.796885,6.24388
corn,suth,2014,cc,269.52,10324.09575,11.589360000000001
corn,suth,2014,sc,0,6424.948890000001,11.91503
corn,suth,2014,sc,44.92,8266.74623,8.62464
corn,suth,2014,sc,89.84,10026.37764,13.633220000000001
corn,suth,2014,sc,134.76,10459.082635,7.24335
corn,suth,2014,sc,179.68,10738.12667,4.21125
corn,suth,2014,sc,224.6,11001.164354999999,8.68079
corn,suth,2014,sc,269.52,11052.918220000001,11.5669
corn,suth,2015,cc,0,5438.424185000001,8.6471
corn,suth,2015,cc,44.92,8548.45799,6.77169
corn,suth,2015,cc,89.84,10009.3042,18.74287
corn,suth,2015,cc,134.76,10727.45577,9.9947
corn,suth,2015,cc,179.68,10724.788045,13.27386
corn,suth,2015,cc,224.6,11182.036110000001,10.36529
corn,suth,2015,cc,269.52,11320.757810000001,10.376520000000001
corn,suth,2015,sc,0,8217.660090000001,20.93272
corn,suth,2015,sc,44.92,10124.016375,2.6952
corn,suth,2015,sc,89.84,11375.179399999999,8.22036
corn,suth,2015,sc,134.76,11378.914215,10.646040000000001
corn,suth,2015,sc,179.68,11343.1667,5.7946800000000005
corn,suth,2015,sc,224.6,11888.449690000001,5.53639
corn,suth,2015,sc,269.52,11984.487790000001,10.26422
corn,suth,2016,cc,0,5880.199445,8.17544
corn,suth,2016,cc,44.92,9433.609145,18.125220000000002
corn,suth,2016,cc,89.84,11269.53749,17.50757
corn,suth,2016,cc,134.76,12403.854159999999,21.17978
corn,suth,2016,cc,179.68,12868.038310000002,14.273330000000001
corn,suth,2016,cc,224.6,13840.157299999999,14.55408
corn,suth,2016,cc,269.52,12712.776715,14.453009999999999
corn,suth,2016,sc,0,7885.7951,15.317720000000001
corn,suth,2016,sc,44.92,10991.027,18.32736
corn,suth,2016,sc,89.84,12825.888255,13.83536
corn,suth,2016,sc,134.76,12723.98116,12.04979
corn,suth,2016,sc,179.68,12881.376935,20.225230000000003
corn,suth,2016,sc,224.6,13470.94416,14.83483
corn,suth,2016,sc,269.52,13544.039825,12.38669
